{"accuracy": 0.7882018479033405, "precision": 0.6347517730496454, "rec": 0.4786096256684492, "f1_score": 0.5457317073170732, "latency_ms": 510.3321075439453}